蒲田地域_野球場多摩川緑地野球場_７号面-	施設整備施設整備施設整備施設整備施設整備
蒲田地域_野球場多摩川緑地野球場_７号面-	施設整備施設整備施設整備施設整備施設整備
蒲田地域_野球場多摩川緑地野球場_７号面-	施設整備施設整備施設整備施設整備施設整備
蒲田地域_野球場多摩川緑地野球場_７号面-	施設整備施設整備施設整備施設整備施設整備
蒲田地域_野球場多摩川緑地野球場_７号面-	施設整備施設整備施設整備施設整備施設整備
蒲田地域_野球場多摩川緑地野球場_７号面-	施設整備施設整備施設整備施設整備施設整備
蒲田地域_野球場多摩川緑地野球場_７号面-	施設整備施設整備施設整備施設整備施設整備
蒲田地域_野球場多摩川緑地野球場_７号面-	施設整備施設整備施設整備施設整備施設整備
蒲田地域_野球場多摩川緑地野球場_７号面-	施設整備施設整備施設整備施設整備施設整備
蒲田地域_野球場多摩川緑地野球場_７号面-	施設整備施設整備施設整備施設整備施設整備
蒲田地域_野球場多摩川緑地野球場_７号面-	施設整備施設整備施設整備施設整備施設整備
蒲田地域_野球場多摩川緑地野球場_７号面-	施設整備施設整備施設整備施設整備施設整備
蒲田地域_野球場多摩川緑地野球場_７号面-	施設整備施設整備施設整備施設整備施設整備
蒲田地域_野球場多摩川緑地野球場_７号面-	施設整備施設整備施設整備施設整備施設整備
蒲田地域_野球場多摩川緑地野球場_７号面-	施設整備施設整備施設整備施設整備施設整備
